{"boundary":"This benchmark measures SignalCore internal long-session mechanisms. It does not compare external products or provider task quality.","claim":"EXTERNAL_SUPERIORITY_NOT_PROVEN","efficiency":{"append_seconds":15.094419534999986,"compact_seconds":0.027663588999985222,"p95_planning_ms":92.46735199999989,"representative_visible_bytes":53468,"visible_byte_reduction":0.7724029899031176},"quality":{"all_exactly_referenced":true,"all_within_budget":true,"chain_ok":true,"current_decision_selected":true,"exact_history_events":2048,"root_summary_id":"sum-4298cd8c885c65a8da85645fde65d455"},"result_hash":"bee013ce027ccbc863c5f47edba149afb4595f83521b4dddd5e00909652c8b5a","schema_version":1,"seconds":15.71922461699998,"stress":{"all_exactly_referenced":true,"all_within_budget":true,"average_used_tokens":4080.0,"chain_ok":true,"exact_history_events":2048,"p95_planning_ms":92.46735199999989,"plan_hashes":["87ecba10746c5971bc24de309dae7f59ac052303546e43962248a3d657e467d0","ded23252df2d29d74be70c851b4c3f96a149aa2a5f7068aba13b1147c8926b3a","f16596fc111b8719a8bb993949f77e76c9bd5fc60e351e11fbfddf353d08c403","c4290d98e25e94ee1538abadb69e7f312ebd9f9ac989bb2cac5e9d501df4a87c","101b709fd9f0c5b4df3b735e0b0c1d82732c18aad5e545a320f326fe516e85c5"],"queries":5,"session_id":"bench-long-session"},"workload":{"events":2048,"queries":5,"raw_payload_bytes":234924,"token_budget":4096}}
