{"boundary":"This benchmark measures Syntavra internal long-session mechanisms. It does not compare external products or provider task quality.","claim":"EXTERNAL_SUPERIORITY_NOT_PROVEN","efficiency":{"append_seconds":3.9222501899999997,"compact_seconds":0.021569419999991624,"p95_planning_ms":133.80712200000744,"representative_visible_bytes":16926,"visible_byte_reduction":0.9279511671859836},"quality":{"all_exactly_referenced":true,"all_within_budget":true,"chain_ok":true,"current_decision_selected":true,"exact_history_events":2048,"root_summary_id":"sum-1f637ca3199f8e80fce82a8ee89d21d8"},"result_hash":"d19ab884c3d2b841a20282e2eaca3c6cba2d141bedf00b3fae65d9dacec4c693","schema_version":1,"seconds":4.786416689000021,"stress":{"all_exactly_referenced":true,"all_within_budget":true,"average_used_tokens":4021.4,"chain_ok":true,"exact_history_events":2048,"p95_planning_ms":133.80712200000744,"plan_hashes":["2eb53905c4918c87cc447da1e044ab5dfab87d98bf6fe7c4a483bba746181eb1","039ae0147de89894dcc81914ba5e5bf9ef92b922299e6b64472b33610de248cb","0485e885fad9290923136ebaad1f9db31e8bcb4b1d4a9a765cea63ef14b92780","4c4afee3f0570ef6637c3cb778e4aa899eb70e56a5baf60ef9ddd7d46e1ddd55","c1c5246d2eabffb8f2fdd89fb0d30448277b296e3fe5cceb4136b5b6f4427052"],"queries":5,"session_id":"bench-long-session"},"workload":{"events":2048,"queries":5,"raw_payload_bytes":234924,"token_budget":4096}}
